Wasserverbrauch in m³;Wasser;Verbrauch Kalenderjahr nach;abgerechnet mit EVU;Hausmeisterablesung;2015;Durch-schnitt;Abweichungzum Vorjahr;;Betragin  Euro;2013;Bezeichnung;-;cbm;Objekt;2014;2015;2013; 230,23;Betriebshof ZGM; 100,6; 81,1; 85,6; 5,5; 88,0; 515,87;Verwaltung; 472,0; 166,7; 136,1;-18,4; 135,0;Summen; 63.267,2; 72.758,2; 80.646,4; 10,8; 74.400,0; 133.789,80;
Wasserverbrauch in m³;Wasser;Verbrauch Kalenderjahr nach;abgerechnet mit EVU;Hausmeisterablesung;2015;Durch-schnitt;Abweichungzum Vorjahr;;Betragin  Euro;2013;Bezeichnung;-;cbm;Objekt;2014;2015;2013; 285,64;Neues Rathaus, VHS; 371,5; 85,6; 50,5;-41,0; 47,0; 515,87;Verwaltung; 472,0; 166,7; 136,1;-18,4; 135,0;Summen; 63.267,2; 72.758,2; 80.646,4; 10,8; 74.400,0; 133.789,80;
Wasserverbrauch in m³;Wasser;Verbrauch Kalenderjahr nach;abgerechnet mit EVU;Hausmeisterablesung;2015;Durch-schnitt;Abweichungzum Vorjahr;;Betragin  Euro;2013;Bezeichnung;-;cbm;Objekt;2014;2015;2013; 241,09;Feuerwehr, LZ Hülsdonk; 109,0; 178,4; 117,0;-34,4; 96,0; 4.354,21;Feuerwehr; 2.737,8; 2.832,1; 2.912,6; 2,8; 2.718,0;Summen; 63.267,2; 72.758,2; 80.646,4; 10,8; 74.400,0; 133.789,80;
Wasserverbrauch in m³;Wasser;Verbrauch Kalenderjahr nach;abgerechnet mit EVU;Hausmeisterablesung;2015;Durch-schnitt;Abweichungzum Vorjahr;;Betragin  Euro;2013;Bezeichnung;-;cbm;Objekt;2014;2015;2013; 0,00;Feuerwehr, LZ Kapellen; 188,9; 203,7; 227,1; 11,5; 0,0; 4.354,21;Feuerwehr; 2.737,8; 2.832,1; 2.912,6; 2,8; 2.718,0;Summen; 63.267,2; 72.758,2; 80.646,4; 10,8; 74.400,0; 133.789,80;
Wasserverbrauch in m³;Wasser;Verbrauch Kalenderjahr nach;abgerechnet mit EVU;Hausmeisterablesung;2015;Durch-schnitt;Abweichungzum Vorjahr;;Betragin  Euro;2013;Bezeichnung;-;cbm;Objekt;2014;2015;2013; 322,56;Feuerwehr, LZ Repelen; 157,1; 60,0; 124,4; 107,3; 156,0; 4.354,21;Feuerwehr; 2.737,8; 2.832,1; 2.912,6; 2,8; 2.718,0;Summen; 63.267,2; 72.758,2; 80.646,4; 10,8; 74.400,0; 133.789,80;
Wasserverbrauch in m³;Wasser;Verbrauch Kalenderjahr nach;abgerechnet mit EVU;Hausmeisterablesung;2015;Durch-schnitt;Abweichungzum Vorjahr;;Betragin  Euro;2013;Bezeichnung;-;cbm;Objekt;2014;2015;2013; 464,54;Feuerwehr, LZ Scherpenberg; 186,3; 153,9; 179,8; 16,8; 179,0; 4.354,21;Feuerwehr; 2.737,8; 2.832,1; 2.912,6; 2,8; 2.718,0;Summen; 63.267,2; 72.758,2; 80.646,4; 10,8; 74.400,0; 133.789,80;
Wasserverbrauch in m³;Wasser;Verbrauch Kalenderjahr nach;abgerechnet mit EVU;Hausmeisterablesung;2015;Durch-schnitt;Abweichungzum Vorjahr;;Betragin  Euro;2013;Bezeichnung;-;cbm;Objekt;2014;2015;2013; 186,78;Feuerwehr, LZ Schwafheim; 69,3; 58,2; 55,1;-5,3; 56,0; 4.354,21;Feuerwehr; 2.737,8; 2.832,1; 2.912,6; 2,8; 2.718,0;Summen; 63.267,2; 72.758,2; 80.646,4; 10,8; 74.400,0; 133.789,80;
Wasserverbrauch in m³;Wasser;Verbrauch Kalenderjahr nach;abgerechnet mit EVU;Hausmeisterablesung;2015;Durch-schnitt;Abweichungzum Vorjahr;;Betragin  Euro;2013;Bezeichnung;-;cbm;Objekt;2014;2015;2013; 347,19;Feuerwehr, LZ Stadtmitte / Asberg; 196,1; 168,7; 179,8; 6,6; 174,0; 4.354,21;Feuerwehr; 2.737,8; 2.832,1; 2.912,6; 2,8; 2.718,0;Summen; 63.267,2; 72.758,2; 80.646,4; 10,8; 74.400,0; 133.789,80;
Wasserverbrauch in m³;Wasser;Verbrauch Kalenderjahr nach;abgerechnet mit EVU;Hausmeisterablesung;2015;Durch-schnitt;Abweichungzum Vorjahr;;Betragin  Euro;2013;Bezeichnung;-;cbm;Objekt;2014;2015;2013; 2.792,05;Hauptwache, Am Jostenhof; 1.831,2; 2.009,2; 2.029,4; 1,0; 2.057,0; 4.354,21;Feuerwehr; 2.737,8; 2.832,1; 2.912,6; 2,8; 2.718,0;Summen; 63.267,2; 72.758,2; 80.646,4; 10,8; 74.400,0; 133.789,80;
Wasserverbrauch in m³;Wasser;Verbrauch Kalenderjahr nach;abgerechnet mit EVU;Hausmeisterablesung;2015;Durch-schnitt;Abweichungzum Vorjahr;;Betragin  Euro;2013;Bezeichnung;-;cbm;Objekt;2014;2015;2013; 1.091,04;Adolf-Reichwein-Schule; 563,1; 535,5; 612,9; 14,5; 570,0; 39.713,71;Grundschulen; 21.615,5; 28.275,2; 23.400,6;-17,2; 23.916,0;Summen; 63.267,2; 72.758,2; 80.646,4; 10,8; 74.400,0; 133.789,80;
Wasserverbrauch in m³;Wasser;Verbrauch Kalenderjahr nach;abgerechnet mit EVU;Hausmeisterablesung;2015;Durch-schnitt;Abweichungzum Vorjahr;;Betragin  Euro;2013;Bezeichnung;-;cbm;Objekt;2014;2015;2013; 1.048,41;Astrid-Lindgren-Schule; 460,0; 535,6; 574,2; 7,2; 609,0; 39.713,71;Grundschulen; 21.615,5; 28.275,2; 23.400,6;-17,2; 23.916,0;Summen; 63.267,2; 72.758,2; 80.646,4; 10,8; 74.400,0; 133.789,80;
Wasserverbrauch in m³;Wasser;Verbrauch Kalenderjahr nach;abgerechnet mit EVU;Hausmeisterablesung;2015;Durch-schnitt;Abweichungzum Vorjahr;;Betragin  Euro;2013;Bezeichnung;-;cbm;Objekt;2014;2015;2013; 1.416,97;Eichendorffschule; 589,5; 657,5; 722,2; 9,8; 651,0; 39.713,71;Grundschulen; 21.615,5; 28.275,2; 23.400,6;-17,2; 23.916,0;Summen; 63.267,2; 72.758,2; 80.646,4; 10,8; 74.400,0; 133.789,80;
Wasserverbrauch in m³;Wasser;Verbrauch Kalenderjahr nach;abgerechnet mit EVU;Hausmeisterablesung;2015;Durch-schnitt;Abweichungzum Vorjahr;;Betragin  Euro;2013;Bezeichnung;-;cbm;Objekt;2014;2015;2013; 5.297,93;Gebrüder-Grimm-Schule; 2.153,0; 2.484,5; 2.720,4; 9,5; 3.189,0; 39.713,71;Grundschulen; 21.615,5; 28.275,2; 23.400,6;-17,2; 23.916,0;Summen; 63.267,2; 72.758,2; 80.646,4; 10,8; 74.400,0; 133.789,80;
Wasserverbrauch in m³;Wasser;Verbrauch Kalenderjahr nach;abgerechnet mit EVU;Hausmeisterablesung;2015;Durch-schnitt;Abweichungzum Vorjahr;;Betragin  Euro;2013;Bezeichnung;-;cbm;Objekt;2014;2015;2013; 2.271,93;GG Annastraße; 669,9; 642,5; 1.020,5; 58,8; 1.042,0; 39.713,71;Grundschulen; 21.615,5; 28.275,2; 23.400,6;-17,2; 23.916,0;Summen; 63.267,2; 72.758,2; 80.646,4; 10,8; 74.400,0; 133.789,80;
Wasserverbrauch in m³;Wasser;Verbrauch Kalenderjahr nach;abgerechnet mit EVU;Hausmeisterablesung;2015;Durch-schnitt;Abweichungzum Vorjahr;;Betragin  Euro;2013;Bezeichnung;-;cbm;Objekt;2014;2015;2013; 15.828,98;GG Dorsterfeldschule; 7.792,6; 9.881,8; 11.032,1; 11,6; 11.576,0; 39.713,71;Grundschulen; 21.615,5; 28.275,2; 23.400,6;-17,2; 23.916,0;Summen; 63.267,2; 72.758,2; 80.646,4; 10,8; 74.400,0; 133.789,80;
Wasserverbrauch in m³;Wasser;Verbrauch Kalenderjahr nach;abgerechnet mit EVU;Hausmeisterablesung;2015;Durch-schnitt;Abweichungzum Vorjahr;;Betragin  Euro;2013;Bezeichnung;-;cbm;Objekt;2014;2015;2013; 1.547,33;GG Eick-West; 1.113,1; 716,1; 727,6; 1,6; 747,0; 39.713,71;Grundschulen; 21.615,5; 28.275,2; 23.400,6;-17,2; 23.916,0;Summen; 63.267,2; 72.758,2; 80.646,4; 10,8; 74.400,0; 133.789,80;
Wasserverbrauch in m³;Wasser;Verbrauch Kalenderjahr nach;abgerechnet mit EVU;Hausmeisterablesung;2015;Durch-schnitt;Abweichungzum Vorjahr;;Betragin  Euro;2013;Bezeichnung;-;cbm;Objekt;2014;2015;2013; 1.693,36;GG Emanuel-Felke-Schule; 699,2; 6.827,6; 785,3;-88,5; 773,0; 39.713,71;Grundschulen; 21.615,5; 28.275,2; 23.400,6;-17,2; 23.916,0;Summen; 63.267,2; 72.758,2; 80.646,4; 10,8; 74.400,0; 133.789,80;
Wasserverbrauch in m³;Wasser;Verbrauch Kalenderjahr nach;abgerechnet mit EVU;Hausmeisterablesung;2015;Durch-schnitt;Abweichungzum Vorjahr;;Betragin  Euro;2013;Bezeichnung;-;cbm;Objekt;2014;2015;2013; 1.402,63;GG Eschenburgschule; 624,3; 917,4; 853,6;-7,0; 722,0; 39.713,71;Grundschulen; 21.615,5; 28.275,2; 23.400,6;-17,2; 23.916,0;Summen; 63.267,2; 72.758,2; 80.646,4; 10,8; 74.400,0; 133.789,80;
Wasserverbrauch in m³;Wasser;Verbrauch Kalenderjahr nach;abgerechnet mit EVU;Hausmeisterablesung;2015;Durch-schnitt;Abweichungzum Vorjahr;;Betragin  Euro;2013;Bezeichnung;-;cbm;Objekt;2014;2015;2013; 2.410,43;GG Regenbogenschule; 1.291,8; 1.148,4; 1.145,8;-0,2; 1.144,0; 39.713,71;Grundschulen; 21.615,5; 28.275,2; 23.400,6;-17,2; 23.916,0;Summen; 63.267,2; 72.758,2; 80.646,4; 10,8; 74.400,0; 133.789,80;
Wasserverbrauch in m³;Wasser;Verbrauch Kalenderjahr nach;abgerechnet mit EVU;Hausmeisterablesung;2015;Durch-schnitt;Abweichungzum Vorjahr;;Betragin  Euro;2013;Bezeichnung;-;cbm;Objekt;2014;2015;2013; 1.158,04;GG Repelen; 575,7; 591,7; 507,1;-14,3; 508,0; 39.713,71;Grundschulen; 21.615,5; 28.275,2; 23.400,6;-17,2; 23.916,0;Summen; 63.267,2; 72.758,2; 80.646,4; 10,8; 74.400,0; 133.789,80;
Wasserverbrauch in m³;Wasser;Verbrauch Kalenderjahr nach;abgerechnet mit EVU;Hausmeisterablesung;2015;Durch-schnitt;Abweichungzum Vorjahr;;Betragin  Euro;2013;Bezeichnung;-;cbm;Objekt;2014;2015;2013; 406,75;GG Rheim; 351,1; 289,3; 308,0; 6,5; 218,0; 39.713,71;Grundschulen; 21.615,5; 28.275,2; 23.400,6;-17,2; 23.916,0;Summen; 63.267,2; 72.758,2; 80.646,4; 10,8; 74.400,0; 133.789,80;
Wasserverbrauch in m³;Wasser;Verbrauch Kalenderjahr nach;abgerechnet mit EVU;Hausmeisterablesung;2015;Durch-schnitt;Abweichungzum Vorjahr;;Betragin  Euro;2013;Bezeichnung;-;cbm;Objekt;2014;2015;2013; 519,45;GG Uhrschule Meerbeck; 467,2; 395,8; 435,8; 10,1; 301,0; 39.713,71;Grundschulen; 21.615,5; 28.275,2; 23.400,6;-17,2; 23.916,0;Summen; 63.267,2; 72.758,2; 80.646,4; 10,8; 74.400,0; 133.789,80;
Wasserverbrauch in m³;Wasser;Verbrauch Kalenderjahr nach;abgerechnet mit EVU;Hausmeisterablesung;2015;Durch-schnitt;Abweichungzum Vorjahr;;Betragin  Euro;2013;Bezeichnung;-;cbm;Objekt;2014;2015;2013; 547,37;GG Waldschule; 603,0; 560,0; 621,7; 11,0; 240,0; 39.713,71;Grundschulen; 21.615,5; 28.275,2; 23.400,6;-17,2; 23.916,0;Summen; 63.267,2; 72.758,2; 80.646,4; 10,8; 74.400,0; 133.789,80;
Wasserverbrauch in m³;Wasser;Verbrauch Kalenderjahr nach;abgerechnet mit EVU;Hausmeisterablesung;2015;Durch-schnitt;Abweichungzum Vorjahr;;Betragin  Euro;2013;Bezeichnung;-;cbm;Objekt;2014;2015;2013; 795,86;GG-Moers-Hülsdonk; 450,3; 496,4; 428,0;-13,8; 423,0; 39.713,71;Grundschulen; 21.615,5; 28.275,2; 23.400,6;-17,2; 23.916,0;Summen; 63.267,2; 72.758,2; 80.646,4; 10,8; 74.400,0; 133.789,80;
Wasserverbrauch in m³;Wasser;Verbrauch Kalenderjahr nach;abgerechnet mit EVU;Hausmeisterablesung;2015;Durch-schnitt;Abweichungzum Vorjahr;;Betragin  Euro;2013;Bezeichnung;-;cbm;Objekt;2014;2015;2013; 1.288,57;Kath. GG St.Marien/Willi Fährmann-Schule; 2.969,0; 1.016,0; 619,5;-39,0; 638,0; 39.713,71;Grundschulen; 21.615,5; 28.275,2; 23.400,6;-17,2; 23.916,0;Summen; 63.267,2; 72.758,2; 80.646,4; 10,8; 74.400,0; 133.789,80;
Wasserverbrauch in m³;Wasser;Verbrauch Kalenderjahr nach;abgerechnet mit EVU;Hausmeisterablesung;2015;Durch-schnitt;Abweichungzum Vorjahr;;Betragin  Euro;2013;Bezeichnung;-;cbm;Objekt;2014;2015;2013; 988,66;Robinson-Schule; 242,6; 579,1; 285,9;-50,6; 565,0; 39.713,71;Grundschulen; 21.615,5; 28.275,2; 23.400,6;-17,2; 23.916,0;Summen; 63.267,2; 72.758,2; 80.646,4; 10,8; 74.400,0; 133.789,80;
Wasserverbrauch in m³;Wasser;Verbrauch Kalenderjahr nach;abgerechnet mit EVU;Hausmeisterablesung;2015;Durch-schnitt;Abweichungzum Vorjahr;;Betragin  Euro;2013;Bezeichnung;-;cbm;Objekt;2014;2015;2013; 1.469,51;Justus-von-Liebig Schule; 906,5; 793,8; 2.745,1; 245,8; 734,0; 1.469,51;Hauptschulen; 906,5; 793,8; 2.745,1; 245,8; 734,0;Summen; 63.267,2; 72.758,2; 80.646,4; 10,8; 74.400,0; 133.789,80;
Wasserverbrauch in m³;Wasser;Verbrauch Kalenderjahr nach;abgerechnet mit EVU;Hausmeisterablesung;2015;Durch-schnitt;Abweichungzum Vorjahr;;Betragin  Euro;2013;Bezeichnung;-;cbm;Objekt;2014;2015;2013; 2.292,30;Heinrich-Pattberg Realschule; 1.372,4; 1.190,8; 1.450,0; 21,8; 1.375,0; 3.006,68;Realschulen; 1.712,5; 1.635,4; 1.854,9; 13,4; 1.738,0;Summen; 63.267,2; 72.758,2; 80.646,4; 10,8; 74.400,0; 133.789,80;
Wasserverbrauch in m³;Wasser;Verbrauch Kalenderjahr nach;abgerechnet mit EVU;Hausmeisterablesung;2015;Durch-schnitt;Abweichungzum Vorjahr;;Betragin  Euro;2013;Bezeichnung;-;cbm;Objekt;2014;2015;2013; 714,38;Realschule am  Jungbornpark; 340,1; 444,6; 404,9;-8,9; 363,0; 3.006,68;Realschulen; 1.712,5; 1.635,4; 1.854,9; 13,4; 1.738,0;Summen; 63.267,2; 72.758,2; 80.646,4; 10,8; 74.400,0; 133.789,80;
Wasserverbrauch in m³;Wasser;Verbrauch Kalenderjahr nach;abgerechnet mit EVU;Hausmeisterablesung;2015;Durch-schnitt;Abweichungzum Vorjahr;;Betragin  Euro;2013;Bezeichnung;-;cbm;Objekt;2014;2015;2013; 2.966,15;Grafschafter Gymnasium; 864,6; 1.568,9; 1.551,9;-1,1; 1.480,0; 15.718,76;Gymnasien; 7.810,6; 8.197,9; 10.345,3; 26,2; 9.070,0;Summen; 63.267,2; 72.758,2; 80.646,4; 10,8; 74.400,0; 133.789,80;
Wasserverbrauch in m³;Wasser;Verbrauch Kalenderjahr nach;abgerechnet mit EVU;Hausmeisterablesung;2015;Durch-schnitt;Abweichungzum Vorjahr;;Betragin  Euro;2013;Bezeichnung;-;cbm;Objekt;2014;2015;2013; 5.641,18;Gymnasium Adolfinum; 3.138,0; 2.557,3; 4.649,2; 81,8; 3.153,0; 15.718,76;Gymnasien; 7.810,6; 8.197,9; 10.345,3; 26,2; 9.070,0;Summen; 63.267,2; 72.758,2; 80.646,4; 10,8; 74.400,0; 133.789,80;
Wasserverbrauch in m³;Wasser;Verbrauch Kalenderjahr nach;abgerechnet mit EVU;Hausmeisterablesung;2015;Durch-schnitt;Abweichungzum Vorjahr;;Betragin  Euro;2013;Bezeichnung;-;cbm;Objekt;2014;2015;2013; 3.378,59;Gymnasium Filder Benden; 1.967,8; 1.925,5; 1.776,9;-7,7; 1.851,0; 15.718,76;Gymnasien; 7.810,6; 8.197,9; 10.345,3; 26,2; 9.070,0;Summen; 63.267,2; 72.758,2; 80.646,4; 10,8; 74.400,0; 133.789,80;
Wasserverbrauch in m³;Wasser;Verbrauch Kalenderjahr nach;abgerechnet mit EVU;Hausmeisterablesung;2015;Durch-schnitt;Abweichungzum Vorjahr;;Betragin  Euro;2013;Bezeichnung;-;cbm;Objekt;2014;2015;2013; 3.732,84;Gymnasium Rheinkamp; 1.840,2; 2.146,2; 2.367,3; 10,3; 2.586,0; 15.718,76;Gymnasien; 7.810,6; 8.197,9; 10.345,3; 26,2; 9.070,0;Summen; 63.267,2; 72.758,2; 80.646,4; 10,8; 74.400,0; 133.789,80;
Wasserverbrauch in m³;Wasser;Verbrauch Kalenderjahr nach;abgerechnet mit EVU;Hausmeisterablesung;2015;Durch-schnitt;Abweichungzum Vorjahr;;Betragin  Euro;2013;Bezeichnung;-;cbm;Objekt;2014;2015;2013; 645,73;Albert-Schweitzer-Schule; 441,7; 361,7; 449,9; 24,4; 394,0; 645,73;Sonderschulen; 441,7; 361,7; 449,9; 24,4; 394,0;Summen; 63.267,2; 72.758,2; 80.646,4; 10,8; 74.400,0; 133.789,80;
Wasserverbrauch in m³;Wasser;Verbrauch Kalenderjahr nach;abgerechnet mit EVU;Hausmeisterablesung;2015;Durch-schnitt;Abweichungzum Vorjahr;;Betragin  Euro;2013;Bezeichnung;-;cbm;Objekt;2014;2015;2013; 4.018,26;Anne-Frank-Gesamtschule; 1.676,6; 1.690,2; 2.009,1; 18,9; 2.165,0; 7.615,59;Gesamtschulen; 3.334,8; 3.980,5; 3.825,4;-3,9; 4.020,0;Summen; 63.267,2; 72.758,2; 80.646,4; 10,8; 74.400,0; 133.789,80;
Wasserverbrauch in m³;Wasser;Verbrauch Kalenderjahr nach;abgerechnet mit EVU;Hausmeisterablesung;2015;Durch-schnitt;Abweichungzum Vorjahr;;Betragin  Euro;2013;Bezeichnung;-;cbm;Objekt;2014;2015;2013; 3.597,33;Geschwister-Scholl-Schule; 1.658,3; 2.290,3; 1.816,3;-20,7; 1.855,0; 7.615,59;Gesamtschulen; 3.334,8; 3.980,5; 3.825,4;-3,9; 4.020,0;Summen; 63.267,2; 72.758,2; 80.646,4; 10,8; 74.400,0; 133.789,80;
Wasserverbrauch in m³;Wasser;Verbrauch Kalenderjahr nach;abgerechnet mit EVU;Hausmeisterablesung;2015;Durch-schnitt;Abweichungzum Vorjahr;;Betragin  Euro;2013;Bezeichnung;-;cbm;Objekt;2014;2015;2013; 124,32;Alte Kapelle; 13,1; 7,7; 8,8; 14,3; 10,0; 2.076,78;Kulturelle Einrichtungen; 1.007,5; 1.026,7; 769,8;-25,0; 809,0;Summen; 63.267,2; 72.758,2; 80.646,4; 10,8; 74.400,0; 133.789,80;
Wasserverbrauch in m³;Wasser;Verbrauch Kalenderjahr nach;abgerechnet mit EVU;Hausmeisterablesung;2015;Durch-schnitt;Abweichungzum Vorjahr;;Betragin  Euro;2013;Bezeichnung;-;cbm;Objekt;2014;2015;2013; 467,03;Moerser Schloß; 427,5; 372,1; 216,2;-41,9; 180,0; 2.076,78;Kulturelle Einrichtungen; 1.007,5; 1.026,7; 769,8;-25,0; 809,0;Summen; 63.267,2; 72.758,2; 80.646,4; 10,8; 74.400,0; 133.789,80;
Wasserverbrauch in m³;Wasser;Verbrauch Kalenderjahr nach;abgerechnet mit EVU;Hausmeisterablesung;2015;Durch-schnitt;Abweichungzum Vorjahr;;Betragin  Euro;2013;Bezeichnung;-;cbm;Objekt;2014;2015;2013; 1.055,02;Musikschule; 427,7; 504,2; 394,4;-21,8; 466,0; 2.076,78;Kulturelle Einrichtungen; 1.007,5; 1.026,7; 769,8;-25,0; 809,0;Summen; 63.267,2; 72.758,2; 80.646,4; 10,8; 74.400,0; 133.789,80;
Wasserverbrauch in m³;Wasser;Verbrauch Kalenderjahr nach;abgerechnet mit EVU;Hausmeisterablesung;2015;Durch-schnitt;Abweichungzum Vorjahr;;Betragin  Euro;2013;Bezeichnung;-;cbm;Objekt;2014;2015;2013; 430,41;STM-Schlosstheater; 139,3; 142,7; 150,4; 5,4; 153,0; 2.076,78;Kulturelle Einrichtungen; 1.007,5; 1.026,7; 769,8;-25,0; 809,0;Summen; 63.267,2; 72.758,2; 80.646,4; 10,8; 74.400,0; 133.789,80;
Wasserverbrauch in m³;Wasser;Verbrauch Kalenderjahr nach;abgerechnet mit EVU;Hausmeisterablesung;2015;Durch-schnitt;Abweichungzum Vorjahr;;Betragin  Euro;2013;Bezeichnung;-;cbm;Objekt;2014;2015;2013; 5.054,12;Sozialunterkunft Achterathsfeldschule; 1.157,5; 911,6; 3.020,2; 231,3; 3.091,0; 39.178,23;Soziale Einrichtungen; 11.078,5; 15.762,2; 23.220,1; 47,3; 21.737,0;Summen; 63.267,2; 72.758,2; 80.646,4; 10,8; 74.400,0; 133.789,80;
Wasserverbrauch in m³;Wasser;Verbrauch Kalenderjahr nach;abgerechnet mit EVU;Hausmeisterablesung;2015;Durch-schnitt;Abweichungzum Vorjahr;;Betragin  Euro;2013;Bezeichnung;-;cbm;Objekt;2014;2015;2013; 6.522,21;Sozialunterkunft Ernst-Holla-Str.; 230,8; 128,6; 4.055,7; 3.053,7; 3.541,0; 39.178,23;Soziale Einrichtungen; 11.078,5; 15.762,2; 23.220,1; 47,3; 21.737,0;Summen; 63.267,2; 72.758,2; 80.646,4; 10,8; 74.400,0; 133.789,80;
Wasserverbrauch in m³;Wasser;Verbrauch Kalenderjahr nach;abgerechnet mit EVU;Hausmeisterablesung;2015;Durch-schnitt;Abweichungzum Vorjahr;;Betragin  Euro;2013;Bezeichnung;-;cbm;Objekt;2014;2015;2013; 118,10;Sozialunterkunft Rathausallee; 0,0; 0,0; 1.016,4; 0,0; 43,0; 39.178,23;Soziale Einrichtungen; 11.078,5; 15.762,2; 23.220,1; 47,3; 21.737,0;Summen; 63.267,2; 72.758,2; 80.646,4; 10,8; 74.400,0; 133.789,80;
Wasserverbrauch in m³;Wasser;Verbrauch Kalenderjahr nach;abgerechnet mit EVU;Hausmeisterablesung;2015;Durch-schnitt;Abweichungzum Vorjahr;;Betragin  Euro;2013;Bezeichnung;-;cbm;Objekt;2014;2015;2013; 311,70;Sozialunterkunft Tannenbergstr.; 0,1; 0,0; 79,4; 0,0; 148,0; 39.178,23;Soziale Einrichtungen; 11.078,5; 15.762,2; 23.220,1; 47,3; 21.737,0;Summen; 63.267,2; 72.758,2; 80.646,4; 10,8; 74.400,0; 133.789,80;
Wasserverbrauch in m³;Wasser;Verbrauch Kalenderjahr nach;abgerechnet mit EVU;Hausmeisterablesung;2015;Durch-schnitt;Abweichungzum Vorjahr;;Betragin  Euro;2013;Bezeichnung;-;cbm;Objekt;2014;2015;2013; 2.793,33;Sozialunterkünfte Asberger Str. 116; 126,2; 892,5; 1.430,4; 60,3; 1.426,0; 39.178,23;Soziale Einrichtungen; 11.078,5; 15.762,2; 23.220,1; 47,3; 21.737,0;Summen; 63.267,2; 72.758,2; 80.646,4; 10,8; 74.400,0; 133.789,80;
Wasserverbrauch in m³;Wasser;Verbrauch Kalenderjahr nach;abgerechnet mit EVU;Hausmeisterablesung;2015;Durch-schnitt;Abweichungzum Vorjahr;;Betragin  Euro;2013;Bezeichnung;-;cbm;Objekt;2014;2015;2013; 2.352,04;Sozialunterkünfte Asberger Str. 118; 621,0; 730,3; 1.095,6; 50,0; 1.101,0; 39.178,23;Soziale Einrichtungen; 11.078,5; 15.762,2; 23.220,1; 47,3; 21.737,0;Summen; 63.267,2; 72.758,2; 80.646,4; 10,8; 74.400,0; 133.789,80;
Wasserverbrauch in m³;Wasser;Verbrauch Kalenderjahr nach;abgerechnet mit EVU;Hausmeisterablesung;2015;Durch-schnitt;Abweichungzum Vorjahr;;Betragin  Euro;2013;Bezeichnung;-;cbm;Objekt;2014;2015;2013; 2.422,65;Sozialunterkünfte Essenberger Str. 104; 680,2; 1.107,0; 1.170,4; 5,7; 1.153,0; 39.178,23;Soziale Einrichtungen; 11.078,5; 15.762,2; 23.220,1; 47,3; 21.737,0;Summen; 63.267,2; 72.758,2; 80.646,4; 10,8; 74.400,0; 133.789,80;
Wasserverbrauch in m³;Wasser;Verbrauch Kalenderjahr nach;abgerechnet mit EVU;Hausmeisterablesung;2015;Durch-schnitt;Abweichungzum Vorjahr;;Betragin  Euro;2013;Bezeichnung;-;cbm;Objekt;2014;2015;2013; 2.707,80;Sozialunterkünfte Essenberger Str. 104a; 851,2; 1.497,8; 1.385,8;-7,5; 1.363,0; 39.178,23;Soziale Einrichtungen; 11.078,5; 15.762,2; 23.220,1; 47,3; 21.737,0;Summen; 63.267,2; 72.758,2; 80.646,4; 10,8; 74.400,0; 133.789,80;
Wasserverbrauch in m³;Wasser;Verbrauch Kalenderjahr nach;abgerechnet mit EVU;Hausmeisterablesung;2015;Durch-schnitt;Abweichungzum Vorjahr;;Betragin  Euro;2013;Bezeichnung;-;cbm;Objekt;2014;2015;2013; 2.417,22;Sozialunterkünfte Essenberger Str. 106; 1.163,0; 1.522,7; 1.198,4;-21,3; 1.149,0; 39.178,23;Soziale Einrichtungen; 11.078,5; 15.762,2; 23.220,1; 47,3; 21.737,0;Summen; 63.267,2; 72.758,2; 80.646,4; 10,8; 74.400,0; 133.789,80;
Wasserverbrauch in m³;Wasser;Verbrauch Kalenderjahr nach;abgerechnet mit EVU;Hausmeisterablesung;2015;Durch-schnitt;Abweichungzum Vorjahr;;Betragin  Euro;2013;Bezeichnung;-;cbm;Objekt;2014;2015;2013; 1.652,47;Sozialunterkünfte Essenberger Str. 106a; 807,0; 973,4; 929,6;-4,5; 906,0; 39.178,23;Soziale Einrichtungen; 11.078,5; 15.762,2; 23.220,1; 47,3; 21.737,0;Summen; 63.267,2; 72.758,2; 80.646,4; 10,8; 74.400,0; 133.789,80;
Wasserverbrauch in m³;Wasser;Verbrauch Kalenderjahr nach;abgerechnet mit EVU;Hausmeisterablesung;2015;Durch-schnitt;Abweichungzum Vorjahr;;Betragin  Euro;2013;Bezeichnung;-;cbm;Objekt;2014;2015;2013; 7.994,88;Sozialunterkünfte Franz Haniel Str.; 4.622,6; 6.236,3; 5.540,6;-11,2; 5.520,0; 39.178,23;Soziale Einrichtungen; 11.078,5; 15.762,2; 23.220,1; 47,3; 21.737,0;Summen; 63.267,2; 72.758,2; 80.646,4; 10,8; 74.400,0; 133.789,80;
Wasserverbrauch in m³;Wasser;Verbrauch Kalenderjahr nach;abgerechnet mit EVU;Hausmeisterablesung;2015;Durch-schnitt;Abweichungzum Vorjahr;;Betragin  Euro;2013;Bezeichnung;-;cbm;Objekt;2014;2015;2013; 2.316,73;Sozialunterkünfte Rheinhausener Str. 56; 288,8; 684,8; 1.061,9; 55,1; 1.075,0; 39.178,23;Soziale Einrichtungen; 11.078,5; 15.762,2; 23.220,1; 47,3; 21.737,0;Summen; 63.267,2; 72.758,2; 80.646,4; 10,8; 74.400,0; 133.789,80;
Wasserverbrauch in m³;Wasser;Verbrauch Kalenderjahr nach;abgerechnet mit EVU;Hausmeisterablesung;2015;Durch-schnitt;Abweichungzum Vorjahr;;Betragin  Euro;2013;Bezeichnung;-;cbm;Objekt;2014;2015;2013; 2.514,98;Sozialunterkünfte Rheinhausener Str. 58; 530,2; 1.077,2; 1.235,7; 14,7; 1.221,0; 39.178,23;Soziale Einrichtungen; 11.078,5; 15.762,2; 23.220,1; 47,3; 21.737,0;Summen; 63.267,2; 72.758,2; 80.646,4; 10,8; 74.400,0; 133.789,80;
Wasserverbrauch in m³;Wasser;Verbrauch Kalenderjahr nach;abgerechnet mit EVU;Hausmeisterablesung;2015;Durch-schnitt;Abweichungzum Vorjahr;;Betragin  Euro;2013;Bezeichnung;-;cbm;Objekt;2014;2015;2013; 0,00;Dresdener Ring, Container; 0,0; 0,0; 0,0; 0,0; 0,0; 1.071,65;Jugendeinrichtungen; 417,5; 453,4; 459,5; 1,3; 463,0;Summen; 63.267,2; 72.758,2; 80.646,4; 10,8; 74.400,0; 133.789,80;
Wasserverbrauch in m³;Wasser;Verbrauch Kalenderjahr nach;abgerechnet mit EVU;Hausmeisterablesung;2015;Durch-schnitt;Abweichungzum Vorjahr;;Betragin  Euro;2013;Bezeichnung;-;cbm;Objekt;2014;2015;2013; 444,77;Jugendtreff  Dorfschule Repelen; 240,1; 248,4; 248,5; 0,0; 246,0; 1.071,65;Jugendeinrichtungen; 417,5; 453,4; 459,5; 1,3; 463,0;Summen; 63.267,2; 72.758,2; 80.646,4; 10,8; 74.400,0; 133.789,80;
Wasserverbrauch in m³;Wasser;Verbrauch Kalenderjahr nach;abgerechnet mit EVU;Hausmeisterablesung;2015;Durch-schnitt;Abweichungzum Vorjahr;;Betragin  Euro;2013;Bezeichnung;-;cbm;Objekt;2014;2015;2013; 216,65;Spielstube Asberger; 8,2; 50,8; 73,2; 44,1; 78,0; 1.071,65;Jugendeinrichtungen; 417,5; 453,4; 459,5; 1,3; 463,0;Summen; 63.267,2; 72.758,2; 80.646,4; 10,8; 74.400,0; 133.789,80;
Wasserverbrauch in m³;Wasser;Verbrauch Kalenderjahr nach;abgerechnet mit EVU;Hausmeisterablesung;2015;Durch-schnitt;Abweichungzum Vorjahr;;Betragin  Euro;2013;Bezeichnung;-;cbm;Objekt;2014;2015;2013; 131,11;Spielstube Donaustr.; 16,6; 17,3; 14,3;-17,3; 15,0; 1.071,65;Jugendeinrichtungen; 417,5; 453,4; 459,5; 1,3; 463,0;Summen; 63.267,2; 72.758,2; 80.646,4; 10,8; 74.400,0; 133.789,80;
Wasserverbrauch in m³;Wasser;Verbrauch Kalenderjahr nach;abgerechnet mit EVU;Hausmeisterablesung;2015;Durch-schnitt;Abweichungzum Vorjahr;;Betragin  Euro;2013;Bezeichnung;-;cbm;Objekt;2014;2015;2013; 279,12;Spielstube Römerstraße; 152,7; 136,9; 123,5;-9,8; 124,0; 1.071,65;Jugendeinrichtungen; 417,5; 453,4; 459,5; 1,3; 463,0;Summen; 63.267,2; 72.758,2; 80.646,4; 10,8; 74.400,0; 133.789,80;
Wasserverbrauch in m³;Wasser;Verbrauch Kalenderjahr nach;abgerechnet mit EVU;Hausmeisterablesung;2015;Durch-schnitt;Abweichungzum Vorjahr;;Betragin  Euro;2013;Bezeichnung;-;cbm;Objekt;2014;2015;2013; 1.177,22;Kindergarten, Am Pandyck; 656,2; 573,2; 561,1;-2,1; 556,0; 11.072,16;Kindertageseinrichtungen; 7.460,3; 5.467,5; 5.843,8; 6,9; 5.488,0;Summen; 63.267,2; 72.758,2; 80.646,4; 10,8; 74.400,0; 133.789,80;
Wasserverbrauch in m³;Wasser;Verbrauch Kalenderjahr nach;abgerechnet mit EVU;Hausmeisterablesung;2015;Durch-schnitt;Abweichungzum Vorjahr;;Betragin  Euro;2013;Bezeichnung;-;cbm;Objekt;2014;2015;2013; 991,21;Kindergarten, Barbarastr.; 653,9; 538,7; 459,0;-14,8; 419,0; 11.072,16;Kindertageseinrichtungen; 7.460,3; 5.467,5; 5.843,8; 6,9; 5.488,0;Summen; 63.267,2; 72.758,2; 80.646,4; 10,8; 74.400,0; 133.789,80;
Wasserverbrauch in m³;Wasser;Verbrauch Kalenderjahr nach;abgerechnet mit EVU;Hausmeisterablesung;2015;Durch-schnitt;Abweichungzum Vorjahr;;Betragin  Euro;2013;Bezeichnung;-;cbm;Objekt;2014;2015;2013; 0,00;Kindergarten, Diergardtstr.; 363,6; 366,6; 391,0; 6,7; 0,0; 11.072,16;Kindertageseinrichtungen; 7.460,3; 5.467,5; 5.843,8; 6,9; 5.488,0;Summen; 63.267,2; 72.758,2; 80.646,4; 10,8; 74.400,0; 133.789,80;
Wasserverbrauch in m³;Wasser;Verbrauch Kalenderjahr nach;abgerechnet mit EVU;Hausmeisterablesung;2015;Durch-schnitt;Abweichungzum Vorjahr;;Betragin  Euro;2013;Bezeichnung;-;cbm;Objekt;2014;2015;2013; 1.257,34;Kindergarten, Eichenstr.; 509,3; 543,0; 615,5; 13,4; 615,0; 11.072,16;Kindertageseinrichtungen; 7.460,3; 5.467,5; 5.843,8; 6,9; 5.488,0;Summen; 63.267,2; 72.758,2; 80.646,4; 10,8; 74.400,0; 133.789,80;
Wasserverbrauch in m³;Wasser;Verbrauch Kalenderjahr nach;abgerechnet mit EVU;Hausmeisterablesung;2015;Durch-schnitt;Abweichungzum Vorjahr;;Betragin  Euro;2013;Bezeichnung;-;cbm;Objekt;2014;2015;2013; 291,34;Kindergarten, Holderberger Str.; 141,3; 142,0; 140,1;-1,3; 133,0; 11.072,16;Kindertageseinrichtungen; 7.460,3; 5.467,5; 5.843,8; 6,9; 5.488,0;Summen; 63.267,2; 72.758,2; 80.646,4; 10,8; 74.400,0; 133.789,80;
Wasserverbrauch in m³;Wasser;Verbrauch Kalenderjahr nach;abgerechnet mit EVU;Hausmeisterablesung;2015;Durch-schnitt;Abweichungzum Vorjahr;;Betragin  Euro;2013;Bezeichnung;-;cbm;Objekt;2014;2015;2013; 576,48;Kindergarten, Konrad-Adenauer-Straße; 387,2; 401,9; 371,3;-7,6; 343,0; 11.072,16;Kindertageseinrichtungen; 7.460,3; 5.467,5; 5.843,8; 6,9; 5.488,0;Summen; 63.267,2; 72.758,2; 80.646,4; 10,8; 74.400,0; 133.789,80;
Wasserverbrauch in m³;Wasser;Verbrauch Kalenderjahr nach;abgerechnet mit EVU;Hausmeisterablesung;2015;Durch-schnitt;Abweichungzum Vorjahr;;Betragin  Euro;2013;Bezeichnung;-;cbm;Objekt;2014;2015;2013; 515,38;Kindergarten Kurze Straße; 373,8; 371,4; 304,0;-18,1; 298,0; 11.072,16;Kindertageseinrichtungen; 7.460,3; 5.467,5; 5.843,8; 6,9; 5.488,0;Summen; 63.267,2; 72.758,2; 80.646,4; 10,8; 74.400,0; 133.789,80;
Wasserverbrauch in m³;Wasser;Verbrauch Kalenderjahr nach;abgerechnet mit EVU;Hausmeisterablesung;2015;Durch-schnitt;Abweichungzum Vorjahr;;Betragin  Euro;2013;Bezeichnung;-;cbm;Objekt;2014;2015;2013; 607,71;Kindergarten Orchideenstraße; 215,3; 0,0; 436,9; 0,0; 366,0; 11.072,16;Kindertageseinrichtungen; 7.460,3; 5.467,5; 5.843,8; 6,9; 5.488,0;Summen; 63.267,2; 72.758,2; 80.646,4; 10,8; 74.400,0; 133.789,80;
Wasserverbrauch in m³;Wasser;Verbrauch Kalenderjahr nach;abgerechnet mit EVU;Hausmeisterablesung;2015;Durch-schnitt;Abweichungzum Vorjahr;;Betragin  Euro;2013;Bezeichnung;-;cbm;Objekt;2014;2015;2013; 1.133,78;Kindergarten Pusenhof; 452,7; 401,6; 511,6; 27,4; 524,0; 11.072,16;Kindertageseinrichtungen; 7.460,3; 5.467,5; 5.843,8; 6,9; 5.488,0;Summen; 63.267,2; 72.758,2; 80.646,4; 10,8; 74.400,0; 133.789,80;
Wasserverbrauch in m³;Wasser;Verbrauch Kalenderjahr nach;abgerechnet mit EVU;Hausmeisterablesung;2015;Durch-schnitt;Abweichungzum Vorjahr;;Betragin  Euro;2013;Bezeichnung;-;cbm;Objekt;2014;2015;2013; 1.041,44;Kindergarten Rüttgersweg; 484,0; 383,3; 440,6; 14,9; 456,0; 11.072,16;Kindertageseinrichtungen; 7.460,3; 5.467,5; 5.843,8; 6,9; 5.488,0;Summen; 63.267,2; 72.758,2; 80.646,4; 10,8; 74.400,0; 133.789,80;
Wasserverbrauch in m³;Wasser;Verbrauch Kalenderjahr nach;abgerechnet mit EVU;Hausmeisterablesung;2015;Durch-schnitt;Abweichungzum Vorjahr;;Betragin  Euro;2013;Bezeichnung;-;cbm;Objekt;2014;2015;2013; 552,03;Kindergarten Ulrich-von-Hutten; 291,1; 315,6; 328,4; 4,1; 325,0; 11.072,16;Kindertageseinrichtungen; 7.460,3; 5.467,5; 5.843,8; 6,9; 5.488,0;Summen; 63.267,2; 72.758,2; 80.646,4; 10,8; 74.400,0; 133.789,80;
Wasserverbrauch in m³;Wasser;Verbrauch Kalenderjahr nach;abgerechnet mit EVU;Hausmeisterablesung;2015;Durch-schnitt;Abweichungzum Vorjahr;;Betragin  Euro;2013;Bezeichnung;-;cbm;Objekt;2014;2015;2013; 527,60;Kindergarten Walter-Karentz.-Str.; 351,0; 314,6; 308,2;-2,0; 307,0; 11.072,16;Kindertageseinrichtungen; 7.460,3; 5.467,5; 5.843,8; 6,9; 5.488,0;Summen; 63.267,2; 72.758,2; 80.646,4; 10,8; 74.400,0; 133.789,80;
Wasserverbrauch in m³;Wasser;Verbrauch Kalenderjahr nach;abgerechnet mit EVU;Hausmeisterablesung;2015;Durch-schnitt;Abweichungzum Vorjahr;;Betragin  Euro;2013;Bezeichnung;-;cbm;Objekt;2014;2015;2013; 1.266,85;Kindergarten Wilhelm-Müller-Straße; 577,3; 599,7; 626,6; 4,5; 622,0; 11.072,16;Kindertageseinrichtungen; 7.460,3; 5.467,5; 5.843,8; 6,9; 5.488,0;Summen; 63.267,2; 72.758,2; 80.646,4; 10,8; 74.400,0; 133.789,80;
Wasserverbrauch in m³;Wasser;Verbrauch Kalenderjahr nach;abgerechnet mit EVU;Hausmeisterablesung;2015;Durch-schnitt;Abweichungzum Vorjahr;;Betragin  Euro;2013;Bezeichnung;-;cbm;Objekt;2014;2015;2013; 1.133,78;Kindergarten/Turnhalle Vennikel; 2.003,6; 515,9; 349,5;-32,3; 524,0; 11.072,16;Kindertageseinrichtungen; 7.460,3; 5.467,5; 5.843,8; 6,9; 5.488,0;Summen; 63.267,2; 72.758,2; 80.646,4; 10,8; 74.400,0; 133.789,80;
Wasserverbrauch in m³;Wasser;Verbrauch Kalenderjahr nach;abgerechnet mit EVU;Hausmeisterablesung;2015;Durch-schnitt;Abweichungzum Vorjahr;;Betragin  Euro;2013;Bezeichnung;-;cbm;Objekt;2014;2015;2013; 1.042,52;Henri-Guidet-Zentrum; 568,4; 599,5; 487,6;-18,7; 459,0; 3.839,78;Sportstätten; 1.943,1; 1.932,1; 1.862,4;-3,6; 1.734,0;Summen; 63.267,2; 72.758,2; 80.646,4; 10,8; 74.400,0; 133.789,80;
Wasserverbrauch in m³;Wasser;Verbrauch Kalenderjahr nach;abgerechnet mit EVU;Hausmeisterablesung;2015;Durch-schnitt;Abweichungzum Vorjahr;;Betragin  Euro;2013;Bezeichnung;-;cbm;Objekt;2014;2015;2013; 1.151,43;Sporthalle Kirschenallee; 558,2; 459,2; 554,9; 20,8; 537,0; 3.839,78;Sportstätten; 1.943,1; 1.932,1; 1.862,4;-3,6; 1.734,0;Summen; 63.267,2; 72.758,2; 80.646,4; 10,8; 74.400,0; 133.789,80;
Wasserverbrauch in m³;Wasser;Verbrauch Kalenderjahr nach;abgerechnet mit EVU;Hausmeisterablesung;2015;Durch-schnitt;Abweichungzum Vorjahr;;Betragin  Euro;2013;Bezeichnung;-;cbm;Objekt;2014;2015;2013; 1.044,16;Streichelzoo, Tennisplätze; 545,4; 601,5; 457,7;-23,9; 458,0; 3.839,78;Sportstätten; 1.943,1; 1.932,1; 1.862,4;-3,6; 1.734,0;Summen; 63.267,2; 72.758,2; 80.646,4; 10,8; 74.400,0; 133.789,80;
Wasserverbrauch in m³;Wasser;Verbrauch Kalenderjahr nach;abgerechnet mit EVU;Hausmeisterablesung;2015;Durch-schnitt;Abweichungzum Vorjahr;;Betragin  Euro;2013;Bezeichnung;-;cbm;Objekt;2014;2015;2013; 280,47;Turnhalle Asberg; 115,8; 105,6; 213,4; 102,1; 125,0; 3.839,78;Sportstätten; 1.943,1; 1.932,1; 1.862,4;-3,6; 1.734,0;Summen; 63.267,2; 72.758,2; 80.646,4; 10,8; 74.400,0; 133.789,80;
Wasserverbrauch in m³;Wasser;Verbrauch Kalenderjahr nach;abgerechnet mit EVU;Hausmeisterablesung;2015;Durch-schnitt;Abweichungzum Vorjahr;;Betragin  Euro;2013;Bezeichnung;-;cbm;Objekt;2014;2015;2013; 321,20;Turnhalle Römerstraße; 155,3; 166,3; 148,8;-10,5; 155,0; 3.839,78;Sportstätten; 1.943,1; 1.932,1; 1.862,4;-3,6; 1.734,0;Summen; 63.267,2; 72.758,2; 80.646,4; 10,8; 74.400,0; 133.789,80;
Wasserverbrauch in m³;Wasser;Verbrauch Kalenderjahr nach;abgerechnet mit EVU;Hausmeisterablesung;2015;Durch-schnitt;Abweichungzum Vorjahr;;Betragin  Euro;2013;Bezeichnung;-;cbm;Objekt;2014;2015;2013; 207,15;WC Am Königlichen Hof; 54,8; 77,8; 76,1;-2,2; 71,0; 925,61;Öffentl. Toilettenanlagen; 531,5; 490,2; 538,1; 9,8; 437,0;Summen; 63.267,2; 72.758,2; 80.646,4; 10,8; 74.400,0; 133.789,80;
Wasserverbrauch in m³;Wasser;Verbrauch Kalenderjahr nach;abgerechnet mit EVU;Hausmeisterablesung;2015;Durch-schnitt;Abweichungzum Vorjahr;;Betragin  Euro;2013;Bezeichnung;-;cbm;Objekt;2014;2015;2013; 508,59;WC Freizeitpark-Cafe; 320,8; 281,8; 220,9;-21,6; 293,0; 925,61;Öffentl. Toilettenanlagen; 531,5; 490,2; 538,1; 9,8; 437,0;Summen; 63.267,2; 72.758,2; 80.646,4; 10,8; 74.400,0; 133.789,80;
Wasserverbrauch in m³;Wasser;Verbrauch Kalenderjahr nach;abgerechnet mit EVU;Hausmeisterablesung;2015;Durch-schnitt;Abweichungzum Vorjahr;;Betragin  Euro;2013;Bezeichnung;-;cbm;Objekt;2014;2015;2013; 209,87;WC Meerbeck-Markt; 155,9; 130,6; 241,1; 84,6; 73,0; 925,61;Öffentl. Toilettenanlagen; 531,5; 490,2; 538,1; 9,8; 437,0;Summen; 63.267,2; 72.758,2; 80.646,4; 10,8; 74.400,0; 133.789,80;
Wasserverbrauch in m³;Wasser;Verbrauch Kalenderjahr nach;abgerechnet mit EVU;Hausmeisterablesung;2015;Durch-schnitt;Abweichungzum Vorjahr;;Betragin  Euro;2013;Bezeichnung;-;cbm;Objekt;2014;2015;2013; 110,75;Bergamt Utfort; 0,0; 0,0; 0,0; 0,0; 0,0; 2.585,53;sonstige Gebäude; 1.797,4; 1.382,8; 2.282,8; 65,1; 1.007,0;Summen; 63.267,2; 72.758,2; 80.646,4; 10,8; 74.400,0; 133.789,80;
Wasserverbrauch in m³;Wasser;Verbrauch Kalenderjahr nach;abgerechnet mit EVU;Hausmeisterablesung;2015;Durch-schnitt;Abweichungzum Vorjahr;;Betragin  Euro;2013;Bezeichnung;-;cbm;Objekt;2014;2015;2013; 826,48;Liegenschaft Asberger Str. 195; 985,1; 671,4; 586,7;-12,6; 364,0; 2.585,53;sonstige Gebäude; 1.797,4; 1.382,8; 2.282,8; 65,1; 1.007,0;Summen; 63.267,2; 72.758,2; 80.646,4; 10,8; 74.400,0; 133.789,80;
Wasserverbrauch in m³;Wasser;Verbrauch Kalenderjahr nach;abgerechnet mit EVU;Hausmeisterablesung;2015;Durch-schnitt;Abweichungzum Vorjahr;;Betragin  Euro;2013;Bezeichnung;-;cbm;Objekt;2014;2015;2013; 396,65;Liegenschaft Barbarastr. 3; 91,6; 157,8; 1.082,0; 585,7; 129,0; 2.585,53;sonstige Gebäude; 1.797,4; 1.382,8; 2.282,8; 65,1; 1.007,0;Summen; 63.267,2; 72.758,2; 80.646,4; 10,8; 74.400,0; 133.789,80;
Wasserverbrauch in m³;Wasser;Verbrauch Kalenderjahr nach;abgerechnet mit EVU;Hausmeisterablesung;2015;Durch-schnitt;Abweichungzum Vorjahr;;Betragin  Euro;2013;Bezeichnung;-;cbm;Objekt;2014;2015;2013; 424,40;Liegenschaft Ehrenmalstr. 2; 249,2; 247,8; 225,1;-9,2; 231,0; 2.585,53;sonstige Gebäude; 1.797,4; 1.382,8; 2.282,8; 65,1; 1.007,0;Summen; 63.267,2; 72.758,2; 80.646,4; 10,8; 74.400,0; 133.789,80;
Wasserverbrauch in m³;Wasser;Verbrauch Kalenderjahr nach;abgerechnet mit EVU;Hausmeisterablesung;2015;Durch-schnitt;Abweichungzum Vorjahr;;Betragin  Euro;2013;Bezeichnung;-;cbm;Objekt;2014;2015;2013; 302,96;Liegenschaft Markstr. 39; 66,4; 60,8; 166,0; 173,0; 60,0; 2.585,53;sonstige Gebäude; 1.797,4; 1.382,8; 2.282,8; 65,1; 1.007,0;Summen; 63.267,2; 72.758,2; 80.646,4; 10,8; 74.400,0; 133.789,80;
Wasserverbrauch in m³;Wasser;Verbrauch Kalenderjahr nach;abgerechnet mit EVU;Hausmeisterablesung;2015;Durch-schnitt;Abweichungzum Vorjahr;;Betragin  Euro;2013;Bezeichnung;-;cbm;Objekt;2014;2015;2013; 0,00;Wohnhaus Jakob-Schroer-Str.; 77,0; 0,0; 0,0; 0,0; 0,0; 2.585,53;sonstige Gebäude; 1.797,4; 1.382,8; 2.282,8; 65,1; 1.007,0;Summen; 63.267,2; 72.758,2; 80.646,4; 10,8; 74.400,0; 133.789,80;
Wasserverbrauch in m³;Wasser;Verbrauch Kalenderjahr nach;abgerechnet mit EVU;Hausmeisterablesung;2015;Durch-schnitt;Abweichungzum Vorjahr;;Betragin  Euro;2013;Bezeichnung;-;cbm;Objekt;2014;2015;2013; 524,29;Wohnhaus Klever Str.; 328,0; 245,0; 223,0;-9,0; 223,0; 2.585,53;sonstige Gebäude; 1.797,4; 1.382,8; 2.282,8; 65,1; 1.007,0;Summen; 63.267,2; 72.758,2; 80.646,4; 10,8; 74.400,0; 133.789,80;
